{"f1_micro":0.29215237882759776,"f1_macro":0.12965549147790878,"icd_count/avg_true":13.06,"_runtime":5041,"iter/last_iter/recall_macro":0.17519889338330238,"iter/all/f1_micro":0.341875188423274,"iter/last_iter/recall_micro":0.27404543257612374,"meta_verifier_instructions":{"size":1142622,"artifact_path":"wandb-client-artifact://75kum2k80fvxj5sdojokaurpcooaa1nslxxt4y15sgehb8zrn5vfaqqlwr44w749rs89aikclt3z9tffpuhip7y5k71lx9mw43jge1ddqa1vlvvcz4o43zb9ajal83nh/meta_verifier_instructions.table.json","_latest_artifact_path":"wandb-client-artifact://i6114oirydis21m6pkj6tljy0nd60b1fmyjxpruafw22zely5rl9x3zozulk7iurswfod2fopgbcgigrvrljqwrlpwru7kbsuq0139w9vpg78on71d2gttmaeobghwce:latest/meta_verifier_instructions.table.json","ncols":10,"log_mode":"IMMUTABLE","sha256":"353cda1eeaca24edde8b33d26be2589e3e19c2257bed7da0ed93fe016214b0da","path":"media/table/meta_verifier_instructions_12_353cda1eeaca24edde8b.table.json","_type":"table-file","nrows":4681},"iter/last_iter/precision_macro":0.21698130114463132,"retrieval_pct/threshold_fpr":5.864197530864197,"precision_micro":0.4757493188010899,"iter/all/f1_macro":0.1760239555974877,"recall_macro":0.12479459714193833,"valid_json_pct":69,"iter/all/recall_macro":0.17519889338330238,"retrieval_pct/semantic":70.37037037037037,"iter/last_iter/f1_macro":0.1760239555974877,"iter/last_iter/f1_micro":0.341875188423274,"icd_count/avg_pred":5.568,"_step":12,"iter/all/recall_micro":0.27404543257612374,"iter/all/parse_failures":14,"iter/all/precision_micro":0.4543269230769231,"iter/all/n_samples":178,"iteration":4,"iter/all/precision_macro":0.21698130114463132,"iter/last_iter/precision_micro":0.4543269230769231,"precision_macro":0.1872452372222648,"_wandb":{"runtime":5041},"sample_predictions":{"_type":"table-file","artifact_path":"wandb-client-artifact://pxaxbl5ruhc88prhytmet956x2okqrvsha2kxoxjyrbh42dc7xpsx9f7qjb6l0o0wrl8yupubmp5fdlte45rko3kr2kpihcpm4frozt5ajxu17n3mxh8xzqcz4dwmkmb/sample_predictions.table.json","path":"media/table/sample_predictions_1_21700d4c41d16250d2fa.table.json","ncols":12,"sha256":"21700d4c41d16250d2fa548ba6b3294560c69a1c0f106b4220b3f86ec4b3cb6c","size":626608,"_latest_artifact_path":"wandb-client-artifact://usrpsym5dpcjnwzppylmmluiuprc8zb99ka29el1g920y9ry9636bd7bz0i1jbd7qc9plni7tv17m4b1axkw41mg0uhuktysvt2kopfh7oan08ziqkxh8vhelwytaovg:latest/sample_predictions.table.json","log_mode":"IMMUTABLE","nrows":30},"recall_micro":0.21080167417900836,"retrieval_pct/threshold_fnr":23.765432098765434,"_timestamp":1.77791094207906e+09}